id,suburb,state,country
1,Parramatta,NSW,Australia
2,Parramatta,NSW,Australia
3,Parramatta,NSW,Australia
4,Parramatta,NSW,Australia
5,Parramatta,NSW,Australia
6,Parramatta,NSW,Australia
7,Parramatta,NSW,Australia
8,Parramatta,NSW,Australia
9,Parramatta,NSW,Australia
10,Parramatta,NSW,Australia
11,Parramatta,NSW,Australia
12,Parramatta,NSW,Australia
13,Parramatta,NSW,Australia
14,Parramatta,NSW,Australia
15,Ryde,NSW,Australia
16,Ryde,NSW,Australia
17,Ryde,NSW,Australia
18,Ryde,NSW,Australia
19,Ryde,NSW,Australia
20,Castle Hill,NSW,Australia
21,Richmond,NSW,Australia
22,Richmond,NSW,Australia
23,Richmond,NSW,Australia
24,Richmond,NSW,Australia
25,Richmond,NSW,Australia
26,Richmond,NSW,Australia
27,Richmond,NSW,Australia
28,Richmond,NSW,Australia
29,Richmond,NSW,Australia
30,Richmond,NSW,Australia
31,Richmond,NSW,Australia
32,Richmond,NSW,Australia
33,Richmond,NSW,Australia
34,Richmond,NSW,Australia
35,Richmond,NSW,Australia
36,Richmond,NSW,Australia
37,Southbank,Qld,Australia
38,Southbank,Qld,Australia
39,Southbank,Qld,Australia
40,Southbank,Qld,Australia
41,Southbank,Qld,Australia
42,Southbank,Qld,Australia
43,Southbank,Qld,Australia
44,Southbank,Qld,Australia
45,Southbank,Qld,Australia
46,Southbank,Qld,Australia
47,Southbank,Qld,Australia
48,Southbank,Qld,Australia
49,O'Sullivan Beach,Qld,Australia
50,O'Sullivan Beach,Qld,Australia
51,O'Sullivan Beach,Qld,Australia
52,O'Sullivan Beach,Qld,Australia
53,O'Sullivan Beach,Qld,Australia
54,O'Sullivan Beach,Qld,Australia
55,O'Sullivan Beach,Qld,Australia
56,O'Sullivan Beach,Qld,Australia
57,Geelong,Vic,Australia
58,Geelong,Vic,Australia
59,Geelong,Vic,Australia
60,Geelong,Vic,Australia
61,Geelong,Vic,Australia
62,Geelong,Vic,Australia
63,Geelong,Vic,Australia
64,Geelong,Vic,Australia
65,Geelong,Vic,Australia
66,Geelong,Vic,Australia
67,Geelong,Vic,Australia
68,Geelong,Vic,Australia
69,Geelong,Vic,Australia
70,Geelong,Vic,Australia
71,Geelong,Vic,Australia
72,Geelong,Vic,Australia
73,Fitzroy,Vic,Australia
74,Richmond,Vic,Australia
75,Richmond,Vic,Australia
76,Richmond,Vic,Australia
77,Richmond,Vic,Australia
78,Richmond,Vic,Australia
79,Richmond,Vic,Australia
80,Richmond,Vic,Australia
81,Richmond,Vic,Australia
82,Richmond,Vic,Australia
83,Richmond,Vic,Australia
84,Richmond,Vic,Australia
85,Richmond,Vic,Australia
86,Richmond,Vic,Australia
87,Richmond,Vic,Australia
88,Richmond,Vic,Australia
89,Richmond,Vic,Australia
90,Richmond,Vic,Australia
91,Richmond,Vic,Australia
92,Richmond,Vic,Australia
93,Subiaco,WA,Australia
94,Subiaco,WA,Australia
95,Subiaco,WA,Australia
96,Subiaco,WA,Australia
97,Subiaco,WA,Australia
98,Subiaco,WA,Australia
99,Subiaco,WA,Australia
100,Subiaco,WA,Australia